{
  "project_info": {
    "project_number": "22968928769",
    "firebase_url": "https://homeautomation-9e67b.firebaseio.com",
    "project_id": "homeautomation-9e67b",
    "storage_bucket": "homeautomation-9e67b.appspot.com"
  },
  "client": [
    {
      "client_info": {
        "mobilesdk_app_id": "1:22968928769:android:1ae24cbe8185961a",
        "android_client_info": {
          "package_name": "com.example.pranav.homeautomation"
        }
      },
      "oauth_client": [
        {
          "client_id": "22968928769-u3a3et93bdfam6dsvvmqiuh1fprdpvvk.apps.googleusercontent.com",
          "client_type": 1,
          "android_info": {
            "package_name": "com.example.pranav.homeautomation",
            "certificate_hash": "7dd44144bc77f95209a2057bb6985b635026d901"
          }
        },
        {
          "client_id": "22968928769-sumgu85tg9i77csoe91kcucoip67871o.apps.googleusercontent.com",
          "client_type": 3
        },
        {
          "client_id": "22968928769-sumgu85tg9i77csoe91kcucoip67871o.apps.googleusercontent.com",
          "client_type": 3
        }
      ],
      "api_key": [
        {
          "current_key": "AIzaSyBmB2VJHlsVFru9mAHZ75o-5_B7_1Qj0RI"
        }
      ],
      "services": {
        "analytics_service": {
          "status": 1
        },
        "appinvite_service": {
          "status": 2,
          "other_platform_oauth_client": [
            {
              "client_id": "22968928769-sumgu85tg9i77csoe91kcucoip67871o.apps.googleusercontent.com",
              "client_type": 3
            }
          ]
        },
        "ads_service": {
          "status": 2
        }
      }
    }
  ],
  "configuration_version": "1"
}